{"cameraMode":{"drawMode":0,"name":"Shaded","section":"Shading Mode"},"sceneLighting":false,"audioPlay":false,"sceneViewState":{"m_AlwaysRefresh":false,"showFog":false,"showSkybox":true,"showFlares":false,"showImageEffects":false,"showParticleSystems":false,"showVisualEffectGraphs":true,"m_FxEnabled":true},"in2DMode":false,"pivot":{"x":-2.338718891143799,"y":0.8390912413597107,"z":13.531306266784668},"rotation":{"x":-0.033308517187833789,"y":0.7097005844116211,"z":-0.033711761236190799,"w":-0.7029375433921814},"size":0.8660253882408142,"orthographic":false}